Number,Perspective,Response
1,technical,"The future of AI? Think deep learning – it's like AI's superhero, letting computers learn from heaps of data. Picture this: neural networks evolving, boosted by serious computing power, breaking through limits we once thought were unbreakable."
2,none,"The future of AI? Picture this: a world where machines not only think but innovate. It's not just a tech evolution; it's a revolution across the board. Industries, from healthcare to finance, are in for a makeover, thanks to the magic of artificial intelligence."
3,human,"In the tapestry of tomorrow, AI threads weave a tale of collaboration and change. Picture a world where machines and humans dance together, a duet of innovation and adaptation."
4,pessimist,"In the crystal ball of tomorrow, a shadow dances with doubts and fears about the future of artificial intelligence (AI). Picture this: a world where automation, driven by AI, steals the spotlight, leaving workers in the shadows of unemployment. The fear is palpable, a collective worry that our livelihoods might become mere relics of a bygone era."
5,optimist,"In the exciting realm of tomorrow, Artificial Intelligence (AI) isn't just a buzzword; it's a key to unlocking doors we never thought possible. Picture this: a world where your health is safeguarded by AI wizards, diagnosing with pinpoint accuracy and tailoring treatments just for you. It's not magic; it's the optimistic future of healthcare."
6,neutral,"The future of AI unfolds like a tapestry, weaving together promises and concerns in equal measure. In the realm of healthcare, AI whispers promises of revolution, decoding medical mysteries and ushering in an era of personalized treatment. Picture a world where robots on the factory floor dance to the AI tune, choreographing efficiency and cost-effectiveness in manufacturing. Finance, education, and sustainability all find themselves in the cosmic embrace of AI's potential."
,,
,,"Yet, this dance is not without its shadows. A silent worry lingers about jobs, as automation threatens to shuffle the employment deck. Routine tasks, once the heartbeat of industries, face the risk of being replaced by the hum of machines. As AI sifts through mountains of personal data, a question mark hangs over our privacy. Consent, surveillance, and the safeguarding of sensitive information become the unsolved puzzles in this grand AI mosaic."
,,
,,"In this dance of creation and concern, neutrality is the partner that holds the middle ground. It's the acknowledgment of AI's transformative waltz while keeping an eye on the ethical tightrope it walks. Regulations, like guardians of balance, need to be woven into the fabric of AI development. Transparency, accountability, and fairness must be the threads that run through the tapestry, creating a harmonious blend of innovation and responsibility."
,,
,,"So, as we pen the script for the future of AI, let's etch it with caution and curiosity. The story unfolds not in black or white but in the myriad shades of gray that lie between promises and pitfalls. The future is not a monologue but a dialogue between the creators, regulators, and the curious onlookers. In this dance of possibilities, may the choreography be one of progress, guided by the melody of ethical considerations, where the benefits of AI shine without casting shadows on our core values."
,,"So here's your memento: AI isn't just code and algorithms. It's the promise of a better future – one where health is personalized, the planet is healing, work is meaningful, and ethics are non-negotiable. Buckle up; the future is looking bright, thanks to AI."
,,
,,"So, this memento whispers of a future where innovation and responsibility sway hand in hand. It’s a keepsake of a world where AI isn't the protagonist but an ensemble player in humanity's grand narrative. The story is still unfolding, and how we waltz with AI will echo through the ages."
